Observation_ID,Channel,Arrival_Time,Queue_Length_Lq,Balked,Cashier_Service_Min,Grill_Assembly_Min,Dining_Duration_Min,Exit_Time,Total_System_Min
OBS-001,Takeout,11:30:22 AM,2,No,2.28,17.34,,11:49:59 AM,19.62
OBS-002,Takeout,11:30:25 AM,3,No,2.1,29.55,,12:02:04 PM,31.65
OBS-003,Dine-In,11:31:51 AM,2,No,2.39,22.87,12.16,12:09:16 PM,37.42
OBS-004,Dine-In,11:32:07 AM,3,No,2.43,21.84,13.93,12:10:19 PM,38.2
OBS-005,Takeout,11:32:18 AM,3,No,2.56,17.56,,11:52:25 AM,20.12
OBS-006,Delivery,11:32:21 AM,5,No,2.39,16.47,,11:51:13 AM,18.86
OBS-007,Dine-In,11:33:16 AM,5,No,2.13,28.64,11.29,12:15:20 PM,42.06
OBS-008,Takeout,11:34:09 AM,5,No,2.3,29.54,,12:05:59 PM,31.84
OBS-009,Delivery,11:35:20 AM,7,Yes,,,,11:35:20 AM,0.0
OBS-010,Dine-In,11:37:23 AM,6,No,2.4,20.83,11.36,12:11:58 PM,34.59
OBS-011,Dine-In,11:38:47 AM,6,No,2.27,27.03,10.37,12:18:27 PM,39.67
OBS-012,Dine-In,11:42:15 AM,7,Yes,,,,11:42:15 AM,0.0
OBS-013,Takeout,11:43:36 AM,8,Yes,,,,11:43:36 AM,0.0
OBS-014,Dine-In,11:43:40 AM,8,No,2.57,19.96,10.32,12:16:31 PM,32.85
OBS-015,Takeout,11:43:58 AM,8,Yes,,,,11:43:58 AM,0.0
OBS-016,Dine-In,11:45:43 AM,8,Yes,,,,11:45:43 AM,0.0
OBS-017,Delivery,11:46:51 AM,8,Yes,,,,11:46:51 AM,0.0
OBS-018,Dine-In,11:47:27 AM,8,Yes,,,,11:47:27 AM,0.0
OBS-019,Dine-In,11:47:28 AM,9,Yes,,,,11:47:28 AM,0.0
OBS-020,Dine-In,11:49:23 AM,8,Yes,,,,11:49:23 AM,0.0
OBS-021,Dine-In,11:49:35 AM,7,Yes,,,,11:49:35 AM,0.0
OBS-022,Takeout,11:51:43 AM,8,No,2.69,17.8,,12:12:12 PM,20.49
OBS-023,Delivery,11:53:30 AM,8,No,2.4,16.65,,12:12:33 PM,19.05
OBS-024,Delivery,11:53:42 AM,8,No,2.06,22.66,,12:18:25 PM,24.72
OBS-025,Dine-In,11:54:08 AM,7,Yes,,,,11:54:08 AM,0.0
OBS-026,Takeout,11:56:25 AM,7,Yes,,,,11:56:25 AM,0.0
OBS-027,Delivery,11:56:47 AM,9,Yes,,,,11:56:47 AM,0.0
OBS-028,Dine-In,11:57:20 AM,9,Yes,,,,11:57:20 AM,0.0
OBS-029,Dine-In,11:58:05 AM,9,Yes,,,,11:58:05 AM,0.0
OBS-030,Dine-In,12:00:00 PM,8,Yes,,,,12:00:00 PM,0.0
OBS-031,Takeout,12:03:24 PM,7,Yes,,,,12:03:24 PM,0.0
OBS-032,Dine-In,12:03:37 PM,8,Yes,,,,12:03:37 PM,0.0
OBS-033,Dine-In,12:04:25 PM,8,Yes,,,,12:04:25 PM,0.0
OBS-034,Dine-In,12:04:43 PM,7,Yes,,,,12:04:43 PM,0.0
OBS-035,Takeout,12:05:38 PM,6,No,2.58,17.62,,12:25:50 PM,20.2
OBS-036,Delivery,12:06:34 PM,6,No,2.41,16.7,,12:25:41 PM,19.11
OBS-037,Dine-In,12:08:38 PM,7,Yes,,,,12:08:38 PM,0.0
OBS-038,Takeout,12:10:00 PM,7,Yes,,,,12:10:00 PM,0.0
OBS-039,Delivery,12:10:05 PM,8,Yes,,,,12:10:05 PM,0.0
OBS-040,Takeout,12:10:24 PM,8,No,2.76,26.7,,12:39:52 PM,29.46
OBS-041,Dine-In,12:11:14 PM,7,No,2.56,15.14,10.51,12:39:26 PM,28.21
OBS-042,Dine-In,12:12:06 PM,6,No,2.61,24.78,11.12,12:50:37 PM,38.51
OBS-043,Dine-In,12:13:06 PM,5,No,2.58,27.74,13.29,12:56:42 PM,43.61
OBS-044,Dine-In,12:13:46 PM,4,No,2.35,29.6,11.97,12:57:41 PM,43.92
OBS-045,Delivery,12:15:33 PM,5,No,2.54,22.39,,12:40:29 PM,24.93
OBS-046,Dine-In,12:15:43 PM,6,No,2.58,17.66,14.7,12:50:40 PM,34.94
OBS-047,Dine-In,12:18:11 PM,8,Yes,,,,12:18:11 PM,0.0
OBS-048,Delivery,12:20:18 PM,8,No,2.73,19.42,,12:42:27 PM,22.15
OBS-049,Dine-In,12:20:41 PM,9,Yes,,,,12:20:41 PM,0.0
OBS-050,Takeout,12:21:20 PM,11,Yes,,,,12:21:20 PM,0.0
OBS-051,Delivery,12:21:25 PM,12,Yes,,,,12:21:25 PM,0.0
OBS-052,Takeout,12:22:00 PM,13,Yes,,,,12:22:00 PM,0.0
OBS-053,Dine-In,12:22:58 PM,13,Yes,,,,12:22:58 PM,0.0
OBS-054,Delivery,12:24:18 PM,14,Yes,,,,12:24:18 PM,0.0
OBS-055,Takeout,12:24:51 PM,15,Yes,,,,12:24:51 PM,0.0
OBS-056,Dine-In,12:26:08 PM,16,Yes,,,,12:26:08 PM,0.0
OBS-057,Dine-In,12:26:12 PM,16,Yes,,,,12:26:12 PM,0.0
OBS-058,Takeout,12:26:50 PM,15,Yes,,,,12:26:50 PM,0.0
OBS-059,Dine-In,12:26:52 PM,16,Yes,,,,12:26:52 PM,0.0
OBS-060,Dine-In,12:27:27 PM,17,Yes,,,,12:27:27 PM,0.0
OBS-061,Takeout,12:27:31 PM,16,Yes,,,,12:27:31 PM,0.0
OBS-062,Delivery,12:28:20 PM,17,Yes,,,,12:28:20 PM,0.0
OBS-063,Dine-In,12:28:39 PM,18,Yes,,,,12:28:39 PM,0.0
OBS-064,Delivery,12:28:43 PM,17,Yes,,,,12:28:43 PM,0.0
OBS-065,Dine-In,12:29:40 PM,17,Yes,,,,12:29:40 PM,0.0
OBS-066,Takeout,12:29:54 PM,17,Yes,,,,12:29:54 PM,0.0
OBS-067,Takeout,12:30:10 PM,19,Yes,,,,12:30:10 PM,0.0
OBS-068,Dine-In,12:30:55 PM,19,Yes,,,,12:30:55 PM,0.0
OBS-069,Dine-In,12:32:03 PM,18,Yes,,,,12:32:03 PM,0.0
OBS-070,Takeout,12:32:05 PM,19,Yes,,,,12:32:05 PM,0.0
OBS-071,Dine-In,12:32:10 PM,19,Yes,,,,12:32:10 PM,0.0
OBS-072,Takeout,12:32:37 PM,19,Yes,,,,12:32:37 PM,0.0
OBS-073,Takeout,12:32:40 PM,19,Yes,,,,12:32:40 PM,0.0
OBS-074,Dine-In,12:34:13 PM,20,Yes,,,,12:34:13 PM,0.0
OBS-075,Takeout,12:35:02 PM,19,No,2.54,20.82,,12:58:24 PM,23.36
OBS-076,Takeout,12:35:52 PM,19,No,2.44,29.42,,01:07:43 PM,31.86
OBS-077,Dine-In,12:37:45 PM,18,Yes,,,,12:37:45 PM,0.0
OBS-078,Takeout,12:37:46 PM,17,Yes,,,,12:37:46 PM,0.0
OBS-079,Dine-In,12:38:04 PM,18,Yes,,,,12:38:04 PM,0.0
OBS-080,Takeout,12:38:20 PM,17,Yes,,,,12:38:20 PM,0.0
OBS-081,Delivery,12:40:01 PM,18,Yes,,,,12:40:01 PM,0.0
OBS-082,Delivery,12:40:10 PM,19,No,2.45,20.58,,01:03:12 PM,23.03
OBS-083,Delivery,12:41:22 PM,19,No,2.46,26.26,,01:10:05 PM,28.72
OBS-084,Delivery,12:42:29 PM,18,Yes,,,,12:42:29 PM,0.0
OBS-085,Delivery,12:43:53 PM,18,Yes,,,,12:43:53 PM,0.0
OBS-086,Dine-In,12:43:54 PM,20,Yes,,,,12:43:54 PM,0.0
OBS-087,Takeout,12:46:18 PM,22,Yes,,,,12:46:18 PM,0.0
OBS-088,Dine-In,12:46:46 PM,21,Yes,,,,12:46:46 PM,0.0
OBS-089,Delivery,12:47:53 PM,22,Yes,,,,12:47:53 PM,0.0
OBS-090,Takeout,12:48:26 PM,21,Yes,,,,12:48:26 PM,0.0
OBS-091,Dine-In,12:50:11 PM,21,Yes,,,,12:50:11 PM,0.0
OBS-092,Dine-In,12:51:20 PM,22,Yes,,,,12:51:20 PM,0.0
OBS-093,Delivery,12:52:18 PM,21,Yes,,,,12:52:18 PM,0.0
OBS-094,Delivery,12:52:22 PM,20,Yes,,,,12:52:22 PM,0.0
OBS-095,Delivery,12:52:44 PM,21,No,2.65,20.64,,01:16:02 PM,23.29
OBS-096,Takeout,12:52:48 PM,22,Yes,,,,12:52:48 PM,0.0
OBS-097,Dine-In,12:54:42 PM,21,Yes,,,,12:54:42 PM,0.0
OBS-098,Dine-In,12:55:12 PM,20,Yes,,,,12:55:12 PM,0.0
OBS-099,Takeout,12:56:03 PM,21,No,2.43,19.29,,01:17:46 PM,21.72
OBS-100,Delivery,12:57:40 PM,20,Yes,,,,12:57:40 PM,0.0
OBS-101,Delivery,01:00:28 PM,19,Yes,,,,01:00:28 PM,0.0
OBS-102,Takeout,01:04:26 PM,18,No,2.51,24.44,,01:31:23 PM,26.95
OBS-103,Takeout,01:05:23 PM,18,Yes,,,,01:05:23 PM,0.0
OBS-104,Dine-In,01:07:14 PM,17,No,2.77,21.83,13.1,01:44:56 PM,37.7
OBS-105,Dine-In,01:07:30 PM,16,Yes,,,,01:07:30 PM,0.0
OBS-106,Delivery,01:08:12 PM,15,No,2.61,23.04,,01:33:51 PM,25.65
OBS-107,Takeout,01:08:30 PM,16,Yes,,,,01:08:30 PM,0.0
OBS-108,Delivery,01:10:26 PM,17,Yes,,,,01:10:26 PM,0.0
OBS-109,Delivery,01:11:11 PM,17,No,2.15,15.4,,01:28:44 PM,17.55
OBS-110,Delivery,01:11:34 PM,18,Yes,,,,01:11:34 PM,0.0
OBS-111,Delivery,01:12:17 PM,18,Yes,,,,01:12:17 PM,0.0
OBS-112,Dine-In,01:13:45 PM,18,Yes,,,,01:13:45 PM,0.0
OBS-113,Delivery,01:13:48 PM,19,No,2.96,23.33,,01:40:05 PM,26.29
OBS-114,Delivery,01:14:58 PM,21,Yes,,,,01:14:58 PM,0.0
OBS-115,Delivery,01:15:27 PM,20,Yes,,,,01:15:27 PM,0.0
OBS-116,Takeout,01:15:39 PM,21,Yes,,,,01:15:39 PM,0.0
OBS-117,Takeout,01:15:45 PM,22,Yes,,,,01:15:45 PM,0.0
OBS-118,Takeout,01:16:20 PM,23,Yes,,,,01:16:20 PM,0.0
OBS-119,Dine-In,01:18:01 PM,23,Yes,,,,01:18:01 PM,0.0
OBS-120,Takeout,01:19:08 PM,24,Yes,,,,01:19:08 PM,0.0
