Observation_ID,Channel,Raw_Channel,Arrival_Clock,Arrival_Min,Queue_Length_Lq,Balked,Cashier_Service_Min,Grill_Assembly_Min,Dining_Duration_Min,Exit_Clock,Exit_Min,Total_System_Min,Interarrival_Min,Channel_Interarrival_Min
OBS-001,takeout,Takeout,11:30:22 AM,0.367,2,False,2.28,17.34,,11:49:59 AM,19.983,19.62,0.0,0.0
OBS-002,takeout,Takeout,11:30:25 AM,0.417,3,False,2.1,29.55,,12:02:04 PM,32.067,31.65,0.04999999999999999,0.04999999999999999
OBS-003,dine_in,Dine-In,11:31:51 AM,1.85,2,False,2.39,22.87,12.16,12:09:16 PM,39.267,37.42,1.433,0.0
OBS-004,dine_in,Dine-In,11:32:07 AM,2.117,3,False,2.43,21.84,13.93,12:10:19 PM,40.317,38.2,0.2669999999999999,0.2669999999999999
OBS-005,takeout,Takeout,11:32:18 AM,2.3,3,False,2.56,17.56,,11:52:25 AM,22.417,20.12,0.18299999999999983,1.8829999999999998
OBS-006,delivery,Delivery,11:32:21 AM,2.35,5,False,2.39,16.47,,11:51:13 AM,21.217,18.86,0.050000000000000266,0.0
OBS-007,dine_in,Dine-In,11:33:16 AM,3.267,5,False,2.13,28.64,11.29,12:15:20 PM,45.333,42.06,0.9169999999999998,1.15
OBS-008,takeout,Takeout,11:34:09 AM,4.15,5,False,2.3,29.54,,12:05:59 PM,35.983,31.84,0.8830000000000005,1.8500000000000005
OBS-009,delivery,Delivery,11:35:20 AM,5.333,7,True,,,,11:35:20 AM,5.333,0.0,1.1829999999999998,2.983
OBS-010,dine_in,Dine-In,11:37:23 AM,7.383,6,False,2.4,20.83,11.36,12:11:58 PM,41.967,34.59,2.05,4.116
OBS-011,dine_in,Dine-In,11:38:47 AM,8.783,6,False,2.27,27.03,10.37,12:18:27 PM,48.45,39.67,1.3999999999999995,1.3999999999999995
OBS-012,dine_in,Dine-In,11:42:15 AM,12.25,7,True,,,,11:42:15 AM,12.25,0.0,3.4670000000000005,3.4670000000000005
OBS-013,takeout,Takeout,11:43:36 AM,13.6,8,True,,,,11:43:36 AM,13.6,0.0,1.3499999999999996,9.45
OBS-014,dine_in,Dine-In,11:43:40 AM,13.667,8,False,2.57,19.96,10.32,12:16:31 PM,46.517,32.85,0.06700000000000017,1.4169999999999998
OBS-015,takeout,Takeout,11:43:58 AM,13.967,8,True,,,,11:43:58 AM,13.967,0.0,0.3000000000000007,0.3670000000000009
OBS-016,dine_in,Dine-In,11:45:43 AM,15.717,8,True,,,,11:45:43 AM,15.717,0.0,1.75,2.0500000000000007
OBS-017,delivery,Delivery,11:46:51 AM,16.85,8,True,,,,11:46:51 AM,16.85,0.0,1.133000000000001,11.517000000000001
OBS-018,dine_in,Dine-In,11:47:27 AM,17.45,8,True,,,,11:47:27 AM,17.45,0.0,0.5999999999999979,1.7329999999999988
OBS-019,dine_in,Dine-In,11:47:28 AM,17.467,9,True,,,,11:47:28 AM,17.467,0.0,0.01699999999999946,0.01699999999999946
OBS-020,dine_in,Dine-In,11:49:23 AM,19.383,8,True,,,,11:49:23 AM,19.383,0.0,1.9160000000000004,1.9160000000000004
OBS-021,dine_in,Dine-In,11:49:35 AM,19.583,7,True,,,,11:49:35 AM,19.583,0.0,0.1999999999999993,0.1999999999999993
OBS-022,takeout,Takeout,11:51:43 AM,21.717,8,False,2.69,17.8,,12:12:12 PM,42.2,20.49,2.1340000000000003,7.749999999999998
OBS-023,delivery,Delivery,11:53:30 AM,23.5,8,False,2.4,16.65,,12:12:33 PM,42.55,19.05,1.7830000000000013,6.649999999999999
OBS-024,delivery,Delivery,11:53:42 AM,23.7,8,False,2.06,22.66,,12:18:25 PM,48.417,24.72,0.1999999999999993,0.1999999999999993
OBS-025,dine_in,Dine-In,11:54:08 AM,24.133,7,True,,,,11:54:08 AM,24.133,0.0,0.43299999999999983,4.550000000000001
OBS-026,takeout,Takeout,11:56:25 AM,26.417,7,True,,,,11:56:25 AM,26.417,0.0,2.2840000000000025,4.700000000000003
OBS-027,delivery,Delivery,11:56:47 AM,26.783,9,True,,,,11:56:47 AM,26.783,0.0,0.36599999999999966,3.083000000000002
OBS-028,dine_in,Dine-In,11:57:20 AM,27.333,9,True,,,,11:57:20 AM,27.333,0.0,0.5499999999999972,3.1999999999999993
OBS-029,dine_in,Dine-In,11:58:05 AM,28.083,9,True,,,,11:58:05 AM,28.083,0.0,0.75,0.75
OBS-030,dine_in,Dine-In,12:00:00 PM,30.0,8,True,,,,12:00:00 PM,30.0,0.0,1.9170000000000016,1.9170000000000016
OBS-031,takeout,Takeout,12:03:24 PM,33.4,7,True,,,,12:03:24 PM,33.4,0.0,3.3999999999999986,6.982999999999997
OBS-032,dine_in,Dine-In,12:03:37 PM,33.617,8,True,,,,12:03:37 PM,33.617,0.0,0.21699999999999875,3.6169999999999973
OBS-033,dine_in,Dine-In,12:04:25 PM,34.417,8,True,,,,12:04:25 PM,34.417,0.0,0.8000000000000043,0.8000000000000043
OBS-034,dine_in,Dine-In,12:04:43 PM,34.717,7,True,,,,12:04:43 PM,34.717,0.0,0.29999999999999716,0.29999999999999716
OBS-035,takeout,Takeout,12:05:38 PM,35.633,6,False,2.58,17.62,,12:25:50 PM,55.833,20.2,0.9160000000000039,2.233000000000004
OBS-036,delivery,Delivery,12:06:34 PM,36.567,6,False,2.41,16.7,,12:25:41 PM,55.683,19.11,0.9339999999999975,9.783999999999999
OBS-037,dine_in,Dine-In,12:08:38 PM,38.633,7,True,,,,12:08:38 PM,38.633,0.0,2.0660000000000025,3.916000000000004
OBS-038,takeout,Takeout,12:10:00 PM,40.0,7,True,,,,12:10:00 PM,40.0,0.0,1.3669999999999973,4.366999999999997
OBS-039,delivery,Delivery,12:10:05 PM,40.083,8,True,,,,12:10:05 PM,40.083,0.0,0.08299999999999841,3.5159999999999982
OBS-040,takeout,Takeout,12:10:24 PM,40.4,8,False,2.76,26.7,,12:39:52 PM,69.867,29.46,0.31700000000000017,0.3999999999999986
OBS-041,dine_in,Dine-In,12:11:14 PM,41.233,7,False,2.56,15.14,10.51,12:39:26 PM,69.433,28.21,0.8329999999999984,2.5999999999999943
OBS-042,dine_in,Dine-In,12:12:06 PM,42.1,6,False,2.61,24.78,11.12,12:50:37 PM,80.617,38.51,0.8670000000000044,0.8670000000000044
OBS-043,dine_in,Dine-In,12:13:06 PM,43.1,5,False,2.58,27.74,13.29,12:56:42 PM,86.7,43.61,1.0,1.0
OBS-044,dine_in,Dine-In,12:13:46 PM,43.767,4,False,2.35,29.6,11.97,12:57:41 PM,87.683,43.92,0.6670000000000016,0.6670000000000016
OBS-045,delivery,Delivery,12:15:33 PM,45.55,5,False,2.54,22.39,,12:40:29 PM,70.483,24.93,1.7829999999999941,5.466999999999999
OBS-046,dine_in,Dine-In,12:15:43 PM,45.717,6,False,2.58,17.66,14.7,12:50:40 PM,80.667,34.94,0.1670000000000016,1.9499999999999957
OBS-047,dine_in,Dine-In,12:18:11 PM,48.183,8,True,,,,12:18:11 PM,48.183,0.0,2.466000000000001,2.466000000000001
OBS-048,delivery,Delivery,12:20:18 PM,50.3,8,False,2.73,19.42,,12:42:27 PM,72.45,22.15,2.1169999999999973,4.75
OBS-049,dine_in,Dine-In,12:20:41 PM,50.683,9,True,,,,12:20:41 PM,50.683,0.0,0.38300000000000267,2.5
OBS-050,takeout,Takeout,12:21:20 PM,51.333,11,True,,,,12:21:20 PM,51.333,0.0,0.6499999999999986,10.933
OBS-051,delivery,Delivery,12:21:25 PM,51.417,12,True,,,,12:21:25 PM,51.417,0.0,0.08400000000000318,1.1170000000000044
OBS-052,takeout,Takeout,12:22:00 PM,52.0,13,True,,,,12:22:00 PM,52.0,0.0,0.5829999999999984,0.6670000000000016
OBS-053,dine_in,Dine-In,12:22:58 PM,52.967,13,True,,,,12:22:58 PM,52.967,0.0,0.9669999999999987,2.283999999999999
OBS-054,delivery,Delivery,12:24:18 PM,54.3,14,True,,,,12:24:18 PM,54.3,0.0,1.3329999999999984,2.8829999999999956
OBS-055,takeout,Takeout,12:24:51 PM,54.85,15,True,,,,12:24:51 PM,54.85,0.0,0.5500000000000043,2.8500000000000014
OBS-056,dine_in,Dine-In,12:26:08 PM,56.133,16,True,,,,12:26:08 PM,56.133,0.0,1.2830000000000013,3.166000000000004
OBS-057,dine_in,Dine-In,12:26:12 PM,56.2,16,True,,,,12:26:12 PM,56.2,0.0,0.06700000000000017,0.06700000000000017
OBS-058,takeout,Takeout,12:26:50 PM,56.833,15,True,,,,12:26:50 PM,56.833,0.0,0.6329999999999956,1.982999999999997
OBS-059,dine_in,Dine-In,12:26:52 PM,56.867,16,True,,,,12:26:52 PM,56.867,0.0,0.03399999999999892,0.6669999999999945
OBS-060,dine_in,Dine-In,12:27:27 PM,57.45,17,True,,,,12:27:27 PM,57.45,0.0,0.5830000000000055,0.5830000000000055
OBS-061,takeout,Takeout,12:27:31 PM,57.517,16,True,,,,12:27:31 PM,57.517,0.0,0.06700000000000017,0.6840000000000046
OBS-062,delivery,Delivery,12:28:20 PM,58.333,17,True,,,,12:28:20 PM,58.333,0.0,0.8159999999999954,4.033000000000001
OBS-063,dine_in,Dine-In,12:28:39 PM,58.65,18,True,,,,12:28:39 PM,58.65,0.0,0.31700000000000017,1.1999999999999957
OBS-064,delivery,Delivery,12:28:43 PM,58.717,17,True,,,,12:28:43 PM,58.717,0.0,0.06700000000000017,0.38400000000000034
OBS-065,dine_in,Dine-In,12:29:40 PM,59.667,17,True,,,,12:29:40 PM,59.667,0.0,0.9500000000000028,1.017000000000003
OBS-066,takeout,Takeout,12:29:54 PM,59.9,17,True,,,,12:29:54 PM,59.9,0.0,0.232999999999997,2.3829999999999956
OBS-067,takeout,Takeout,12:30:10 PM,60.167,19,True,,,,12:30:10 PM,60.167,0.0,0.267000000000003,0.267000000000003
OBS-068,dine_in,Dine-In,12:30:55 PM,60.917,19,True,,,,12:30:55 PM,60.917,0.0,0.75,1.25
OBS-069,dine_in,Dine-In,12:32:03 PM,62.05,18,True,,,,12:32:03 PM,62.05,0.0,1.1329999999999956,1.1329999999999956
OBS-070,takeout,Takeout,12:32:05 PM,62.083,19,True,,,,12:32:05 PM,62.083,0.0,0.03300000000000125,1.9159999999999968
OBS-071,dine_in,Dine-In,12:32:10 PM,62.167,19,True,,,,12:32:10 PM,62.167,0.0,0.08400000000000318,0.11700000000000443
OBS-072,takeout,Takeout,12:32:37 PM,62.617,19,True,,,,12:32:37 PM,62.617,0.0,0.44999999999999574,0.5339999999999989
OBS-073,takeout,Takeout,12:32:40 PM,62.667,19,True,,,,12:32:40 PM,62.667,0.0,0.05000000000000426,0.05000000000000426
OBS-074,dine_in,Dine-In,12:34:13 PM,64.217,20,True,,,,12:34:13 PM,64.217,0.0,1.5499999999999972,2.049999999999997
OBS-075,takeout,Takeout,12:35:02 PM,65.033,19,False,2.54,20.82,,12:58:24 PM,88.4,23.36,0.8160000000000025,2.3659999999999997
OBS-076,takeout,Takeout,12:35:52 PM,65.867,19,False,2.44,29.42,,01:07:43 PM,97.717,31.86,0.8340000000000032,0.8340000000000032
OBS-077,dine_in,Dine-In,12:37:45 PM,67.75,18,True,,,,12:37:45 PM,67.75,0.0,1.8829999999999956,3.5330000000000013
OBS-078,takeout,Takeout,12:37:46 PM,67.767,17,True,,,,12:37:46 PM,67.767,0.0,0.016999999999995907,1.8999999999999915
OBS-079,dine_in,Dine-In,12:38:04 PM,68.067,18,True,,,,12:38:04 PM,68.067,0.0,0.29999999999999716,0.31699999999999307
OBS-080,takeout,Takeout,12:38:20 PM,68.333,17,True,,,,12:38:20 PM,68.333,0.0,0.26600000000000534,0.5660000000000025
OBS-081,delivery,Delivery,12:40:01 PM,70.017,18,True,,,,12:40:01 PM,70.017,0.0,1.6839999999999975,11.299999999999997
OBS-082,delivery,Delivery,12:40:10 PM,70.167,19,False,2.45,20.58,,01:03:12 PM,93.2,23.03,0.15000000000000568,0.15000000000000568
OBS-083,delivery,Delivery,12:41:22 PM,71.367,19,False,2.46,26.26,,01:10:05 PM,100.083,28.72,1.2000000000000028,1.2000000000000028
OBS-084,delivery,Delivery,12:42:29 PM,72.483,18,True,,,,12:42:29 PM,72.483,0.0,1.1159999999999997,1.1159999999999997
OBS-085,delivery,Delivery,12:43:53 PM,73.883,18,True,,,,12:43:53 PM,73.883,0.0,1.3999999999999915,1.3999999999999915
OBS-086,dine_in,Dine-In,12:43:54 PM,73.9,20,True,,,,12:43:54 PM,73.9,0.0,0.017000000000010118,5.833000000000013
OBS-087,takeout,Takeout,12:46:18 PM,76.3,22,True,,,,12:46:18 PM,76.3,0.0,2.3999999999999915,7.966999999999999
OBS-088,dine_in,Dine-In,12:46:46 PM,76.767,21,True,,,,12:46:46 PM,76.767,0.0,0.46699999999999875,2.8669999999999902
OBS-089,delivery,Delivery,12:47:53 PM,77.883,22,True,,,,12:47:53 PM,77.883,0.0,1.1159999999999997,4.0
OBS-090,takeout,Takeout,12:48:26 PM,78.433,21,True,,,,12:48:26 PM,78.433,0.0,0.5500000000000114,2.1330000000000098
OBS-091,dine_in,Dine-In,12:50:11 PM,80.183,21,True,,,,12:50:11 PM,80.183,0.0,1.75,3.416000000000011
OBS-092,dine_in,Dine-In,12:51:20 PM,81.333,22,True,,,,12:51:20 PM,81.333,0.0,1.1499999999999915,1.1499999999999915
OBS-093,delivery,Delivery,12:52:18 PM,82.3,21,True,,,,12:52:18 PM,82.3,0.0,0.9669999999999987,4.417000000000002
OBS-094,delivery,Delivery,12:52:22 PM,82.367,20,True,,,,12:52:22 PM,82.367,0.0,0.06700000000000728,0.06700000000000728
OBS-095,delivery,Delivery,12:52:44 PM,82.733,21,False,2.65,20.64,,01:16:02 PM,106.033,23.29,0.36599999999999966,0.36599999999999966
OBS-096,takeout,Takeout,12:52:48 PM,82.8,22,True,,,,12:52:48 PM,82.8,0.0,0.06699999999999307,4.36699999999999
OBS-097,dine_in,Dine-In,12:54:42 PM,84.7,21,True,,,,12:54:42 PM,84.7,0.0,1.9000000000000057,3.3670000000000044
OBS-098,dine_in,Dine-In,12:55:12 PM,85.2,20,True,,,,12:55:12 PM,85.2,0.0,0.5,0.5
OBS-099,takeout,Takeout,12:56:03 PM,86.05,21,False,2.43,19.29,,01:17:46 PM,107.767,21.72,0.8499999999999943,3.25
OBS-100,delivery,Delivery,12:57:40 PM,87.667,20,True,,,,12:57:40 PM,87.667,0.0,1.6170000000000044,4.9339999999999975
OBS-101,delivery,Delivery,01:00:28 PM,90.467,19,True,,,,01:00:28 PM,90.467,0.0,2.799999999999997,2.799999999999997
OBS-102,takeout,Takeout,01:04:26 PM,94.433,18,False,2.51,24.44,,01:31:23 PM,121.383,26.95,3.966000000000008,8.38300000000001
OBS-103,takeout,Takeout,01:05:23 PM,95.383,18,True,,,,01:05:23 PM,95.383,0.0,0.9499999999999886,0.9499999999999886
OBS-104,dine_in,Dine-In,01:07:14 PM,97.233,17,False,2.77,21.83,13.1,01:44:56 PM,134.933,37.7,1.8500000000000085,12.033000000000001
OBS-105,dine_in,Dine-In,01:07:30 PM,97.5,16,True,,,,01:07:30 PM,97.5,0.0,0.2669999999999959,0.2669999999999959
OBS-106,delivery,Delivery,01:08:12 PM,98.2,15,False,2.61,23.04,,01:33:51 PM,123.85,25.65,0.7000000000000028,7.733000000000004
OBS-107,takeout,Takeout,01:08:30 PM,98.5,16,True,,,,01:08:30 PM,98.5,0.0,0.29999999999999716,3.1170000000000044
OBS-108,delivery,Delivery,01:10:26 PM,100.433,17,True,,,,01:10:26 PM,100.433,0.0,1.933000000000007,2.233000000000004
OBS-109,delivery,Delivery,01:11:11 PM,101.183,17,False,2.15,15.4,,01:28:44 PM,118.733,17.55,0.75,0.75
OBS-110,delivery,Delivery,01:11:34 PM,101.567,18,True,,,,01:11:34 PM,101.567,0.0,0.38399999999998613,0.38399999999998613
OBS-111,delivery,Delivery,01:12:17 PM,102.283,18,True,,,,01:12:17 PM,102.283,0.0,0.7160000000000082,0.7160000000000082
OBS-112,dine_in,Dine-In,01:13:45 PM,103.75,18,True,,,,01:13:45 PM,103.75,0.0,1.4669999999999987,6.25
OBS-113,delivery,Delivery,01:13:48 PM,103.8,19,False,2.96,23.33,,01:40:05 PM,130.083,26.29,0.04999999999999716,1.516999999999996
OBS-114,delivery,Delivery,01:14:58 PM,104.967,21,True,,,,01:14:58 PM,104.967,0.0,1.1670000000000016,1.1670000000000016
OBS-115,delivery,Delivery,01:15:27 PM,105.45,20,True,,,,01:15:27 PM,105.45,0.0,0.4830000000000041,0.4830000000000041
OBS-116,takeout,Takeout,01:15:39 PM,105.65,21,True,,,,01:15:39 PM,105.65,0.0,0.20000000000000284,7.150000000000006
OBS-117,takeout,Takeout,01:15:45 PM,105.75,22,True,,,,01:15:45 PM,105.75,0.0,0.09999999999999432,0.09999999999999432
OBS-118,takeout,Takeout,01:16:20 PM,106.333,23,True,,,,01:16:20 PM,106.333,0.0,0.5829999999999984,0.5829999999999984
OBS-119,dine_in,Dine-In,01:18:01 PM,108.017,23,True,,,,01:18:01 PM,108.017,0.0,1.6839999999999975,4.266999999999996
OBS-120,takeout,Takeout,01:19:08 PM,109.133,24,True,,,,01:19:08 PM,109.133,0.0,1.1159999999999997,2.799999999999997
