session_id,day,time_min,channel,items_count,interarrival_time,ordering_time,fulfillment_time,queue_length_at_arrival,balked,courier_provider
LUNCH_D1,Friday,0.58,delivery_courier,3,0.58,0.54,14.05,2,0,GrabFood
LUNCH_D1,Friday,4.92,delivery_courier,2,4.34,0.84,17.46,2,0,GrabFood
LUNCH_D1,Friday,6.09,dine_in,2,1.16,1.76,9.49,3,0,None
LUNCH_D1,Friday,6.32,dine_in,4,0.23,2.0,14.0,3,0,None
LUNCH_D1,Friday,6.47,takeout,1,0.16,1.41,12.14,4,0,None
LUNCH_D1,Friday,6.59,dine_in,1,0.11,1.49,15.85,4,0,None
LUNCH_D1,Friday,6.77,delivery_courier,1,0.19,1.05,16.79,3,0,GrabFood
LUNCH_D1,Friday,7.31,dine_in,3,0.54,1.53,17.76,2,0,None
LUNCH_D1,Friday,8.91,takeout,3,1.59,1.67,38.48,4,0,None
LUNCH_D1,Friday,8.94,dine_in,1,0.03,1.64,7.28,4,0,None
LUNCH_D1,Friday,9.25,dine_in,2,0.31,2.42,19.86,6,0,None
LUNCH_D1,Friday,9.71,dine_in,2,0.46,1.76,12.72,3,0,None
LUNCH_D1,Friday,10.01,dine_in,2,0.3,1.74,7.57,7,0,None
LUNCH_D1,Friday,11.14,takeout,1,1.13,1.35,7.03,3,0,None
LUNCH_D1,Friday,11.47,takeout,3,0.33,0.97,10.5,5,0,None
LUNCH_D1,Friday,11.52,takeout,2,0.05,1.37,16.91,0,0,None
LUNCH_D1,Friday,12.75,dine_in,2,1.23,1.28,16.24,3,0,None
LUNCH_D1,Friday,13.71,takeout,1,0.95,1.23,6.26,4,0,None
LUNCH_D1,Friday,16.36,delivery_courier,3,2.65,1.14,14.12,2,0,GrabFood
LUNCH_D1,Friday,17.26,takeout,2,0.9,1.63,8.83,3,0,None
LUNCH_D1,Friday,19.38,takeout,2,2.12,1.14,11.5,2,0,None
LUNCH_D1,Friday,20.46,delivery_courier,3,1.08,0.49,14.37,4,0,GrabFood
LUNCH_D1,Friday,23.48,delivery_courier,4,3.01,1.18,15.88,1,0,Foodpanda
LUNCH_D1,Friday,23.83,dine_in,3,0.35,1.25,12.32,5,0,None
LUNCH_D1,Friday,28.45,dine_in,2,4.62,2.2,19.58,10,0,None
LUNCH_D1,Friday,30.44,dine_in,2,1.99,1.7,17.32,2,0,None
LUNCH_D1,Friday,30.73,takeout,1,0.29,1.38,8.03,3,0,None
LUNCH_D1,Friday,30.81,dine_in,2,0.08,0.0,0.0,8,1,None
LUNCH_D1,Friday,30.83,delivery_courier,4,0.02,0.86,17.05,4,0,Foodpanda
LUNCH_D1,Friday,31.11,delivery_courier,3,0.28,0.6,14.92,6,0,GrabFood
LUNCH_D1,Friday,31.68,dine_in,1,0.57,1.6,15.21,4,0,None
LUNCH_D1,Friday,32.26,delivery_courier,3,0.58,0.88,13.22,3,0,Foodpanda
LUNCH_D1,Friday,32.76,takeout,4,0.5,0.98,16.95,4,0,None
LUNCH_D1,Friday,32.84,takeout,1,0.08,1.01,16.29,4,0,None
LUNCH_D1,Friday,33.91,delivery_courier,2,1.07,1.19,20.43,7,0,GrabFood
LUNCH_D1,Friday,35.0,delivery_courier,2,1.09,1.15,10.63,6,0,Foodpanda
LUNCH_D1,Friday,35.65,takeout,2,0.65,1.36,9.22,6,0,None
LUNCH_D1,Friday,36.25,dine_in,3,0.6,1.26,13.88,4,0,None
LUNCH_D1,Friday,37.52,takeout,1,1.27,0.0,0.0,8,1,None
LUNCH_D1,Friday,38.59,takeout,2,1.07,1.33,9.64,3,0,None
LUNCH_D1,Friday,38.68,dine_in,2,0.09,1.13,12.2,8,0,None
LUNCH_D1,Friday,38.73,takeout,4,0.05,1.17,18.89,7,0,None
LUNCH_D1,Friday,40.27,dine_in,2,1.53,2.72,5.2,5,0,None
LUNCH_D1,Friday,41.04,dine_in,4,0.77,2.23,15.29,8,0,None
LUNCH_D1,Friday,41.15,takeout,2,0.11,1.99,9.87,11,0,None
LUNCH_D1,Friday,41.24,delivery_courier,3,0.09,0.84,15.92,7,0,GrabFood
LUNCH_D1,Friday,41.78,delivery_courier,2,0.54,0.67,17.76,4,0,GrabFood
LUNCH_D1,Friday,43.3,dine_in,2,1.52,0.0,0.0,11,1,None
LUNCH_D1,Friday,43.93,dine_in,1,0.63,1.94,4.77,3,0,None
LUNCH_D1,Friday,44.2,delivery_courier,3,0.26,0.71,12.17,4,0,GrabFood
LUNCH_D1,Friday,44.63,takeout,1,0.43,1.72,6.89,6,0,None
LUNCH_D1,Friday,44.76,dine_in,2,0.13,2.05,12.0,6,0,None
LUNCH_D1,Friday,44.83,dine_in,2,0.07,1.54,17.19,3,0,None
LUNCH_D1,Friday,45.07,dine_in,3,0.24,0.0,0.0,9,1,None
LUNCH_D1,Friday,45.35,takeout,2,0.28,1.06,9.3,6,0,None
LUNCH_D1,Friday,46.73,dine_in,2,1.38,2.53,8.28,8,0,None
LUNCH_D1,Friday,47.23,dine_in,3,0.51,1.89,16.01,5,0,None
LUNCH_D1,Friday,47.62,takeout,1,0.39,1.55,5.02,6,0,None
LUNCH_D1,Friday,48.16,dine_in,2,0.53,1.84,11.31,8,0,None
LUNCH_D1,Friday,48.29,dine_in,1,0.13,0.0,0.0,11,1,None
LUNCH_D1,Friday,48.44,delivery_courier,2,0.15,0.85,12.42,9,0,Foodpanda
LUNCH_D1,Friday,48.54,dine_in,2,0.1,2.3,10.64,7,0,None
LUNCH_D1,Friday,48.64,dine_in,3,0.09,1.34,8.68,10,0,None
LUNCH_D1,Friday,49.05,takeout,1,0.41,1.77,11.33,14,0,None
LUNCH_D1,Friday,49.34,dine_in,2,0.3,1.79,17.99,3,0,None
LUNCH_D1,Friday,49.59,dine_in,3,0.25,2.48,18.71,6,0,None
LUNCH_D1,Friday,49.6,takeout,1,0.01,1.64,4.56,7,0,None
LUNCH_D1,Friday,50.92,dine_in,1,1.32,1.69,2.92,4,0,None
LUNCH_D1,Friday,51.39,dine_in,1,0.47,2.05,17.18,7,0,None
LUNCH_D1,Friday,51.4,dine_in,2,0.02,1.95,10.29,4,0,None
LUNCH_D1,Friday,52.14,delivery_courier,4,0.73,0.57,12.42,5,0,GrabFood
LUNCH_D1,Friday,52.25,takeout,2,0.11,0.0,0.0,10,1,None
LUNCH_D1,Friday,53.94,delivery_courier,2,1.69,0.91,9.18,7,0,Foodpanda
LUNCH_D1,Friday,54.36,dine_in,2,0.42,1.81,10.0,4,0,None
LUNCH_D1,Friday,55.37,dine_in,1,1.01,0.0,0.0,10,1,None
LUNCH_D1,Friday,55.47,takeout,1,0.1,1.97,7.5,8,0,None
LUNCH_D1,Friday,55.65,takeout,1,0.17,1.36,14.77,6,0,None
LUNCH_D1,Friday,55.97,dine_in,3,0.33,2.6,7.59,7,0,None
LUNCH_D1,Friday,57.15,takeout,3,1.18,1.94,11.63,8,0,None
LUNCH_D1,Friday,57.63,delivery_courier,1,0.48,0.68,6.87,11,0,GrabFood
LUNCH_D1,Friday,57.85,takeout,3,0.22,1.83,20.02,7,0,None
LUNCH_D1,Friday,59.46,delivery_courier,5,1.61,0.75,10.19,12,0,GrabFood
LUNCH_D1,Friday,59.47,delivery_courier,2,0.01,0.64,7.64,10,0,GrabFood
LUNCH_D1,Friday,61.14,takeout,2,1.67,0.92,10.19,6,0,None
LUNCH_D1,Friday,61.85,dine_in,3,0.71,1.3,8.04,7,0,None
LUNCH_D1,Friday,63.73,delivery_courier,4,1.87,0.57,17.14,7,0,Foodpanda
LUNCH_D1,Friday,64.15,takeout,2,0.42,1.83,7.61,16,0,None
LUNCH_D1,Friday,65.24,dine_in,2,1.09,1.5,12.8,5,0,None
LUNCH_D1,Friday,65.43,takeout,2,0.19,1.56,12.09,8,0,None
LUNCH_D1,Friday,65.66,takeout,1,0.23,0.84,20.45,8,0,None
LUNCH_D1,Friday,66.04,dine_in,4,0.38,2.0,13.16,6,0,None
LUNCH_D1,Friday,66.24,delivery_courier,2,0.21,0.67,12.22,9,0,Foodpanda
LUNCH_D1,Friday,66.66,delivery_courier,2,0.42,1.17,10.81,7,0,Foodpanda
LUNCH_D1,Friday,67.09,dine_in,1,0.43,1.48,8.34,5,0,None
LUNCH_D1,Friday,67.1,dine_in,2,0.01,1.26,17.36,7,0,None
LUNCH_D1,Friday,69.95,dine_in,2,2.85,1.77,10.74,4,0,None
LUNCH_D1,Friday,70.01,dine_in,1,0.06,1.93,8.15,5,0,None
LUNCH_D1,Friday,70.03,delivery_courier,1,0.02,0.8,13.09,10,0,GrabFood
LUNCH_D1,Friday,70.08,dine_in,1,0.04,1.44,11.25,8,0,None
LUNCH_D1,Friday,70.88,dine_in,1,0.81,1.85,11.65,9,0,None
LUNCH_D1,Friday,71.82,takeout,3,0.93,1.9,10.27,9,0,None
LUNCH_D1,Friday,71.96,delivery_courier,3,0.15,0.77,9.79,6,0,GrabFood
LUNCH_D1,Friday,72.76,dine_in,3,0.79,1.36,5.58,4,0,None
LUNCH_D1,Friday,73.18,dine_in,2,0.43,2.09,13.12,3,0,None
LUNCH_D1,Friday,73.68,delivery_courier,4,0.49,0.54,17.33,4,0,GrabFood
LUNCH_D1,Friday,74.14,delivery_courier,2,0.47,1.31,12.12,2,0,GrabFood
LUNCH_D1,Friday,76.52,takeout,3,2.38,1.2,8.82,5,0,None
LUNCH_D1,Friday,79.45,dine_in,2,2.92,0.0,0.0,10,1,None
LUNCH_D1,Friday,81.85,takeout,2,2.4,1.52,15.24,4,0,None
LUNCH_D1,Friday,81.9,delivery_courier,2,0.05,1.06,12.45,11,0,GrabFood
LUNCH_D1,Friday,82.33,dine_in,2,0.44,1.2,7.71,4,0,None
LUNCH_D1,Friday,83.4,takeout,2,1.06,1.22,6.58,4,0,None
LUNCH_D1,Friday,84.15,takeout,3,0.75,1.1,6.66,3,0,None
LUNCH_D1,Friday,85.19,delivery_courier,2,1.04,0.82,8.26,4,0,Foodpanda
LUNCH_D1,Friday,85.98,dine_in,2,0.79,1.38,7.86,3,0,None
LUNCH_D1,Friday,86.19,takeout,3,0.21,1.72,10.15,4,0,None
LUNCH_D1,Friday,89.35,takeout,3,3.15,1.77,12.97,4,0,None
LUNCH_D1,Friday,89.83,dine_in,3,0.48,1.91,27.27,4,0,None
LUNCH_D1,Friday,91.3,delivery_courier,2,1.48,0.92,7.04,1,0,GrabFood
LUNCH_D1,Friday,91.6,dine_in,2,0.3,1.66,17.24,4,0,None
LUNCH_D1,Friday,91.76,dine_in,3,0.16,1.23,18.86,2,0,None
LUNCH_D1,Friday,92.0,dine_in,2,0.24,1.19,9.19,2,0,None
LUNCH_D1,Friday,94.41,takeout,2,2.41,1.33,15.57,6,0,None
LUNCH_D1,Friday,95.38,delivery_courier,2,0.96,0.8,8.75,3,0,Foodpanda
LUNCH_D1,Friday,98.46,dine_in,2,3.09,1.24,18.93,6,0,None
LUNCH_D1,Friday,98.63,delivery_courier,3,0.16,0.73,9.37,1,0,Foodpanda
LUNCH_D1,Friday,99.6,dine_in,2,0.97,2.53,6.75,7,0,None
LUNCH_D1,Friday,101.66,dine_in,3,2.06,1.63,15.43,4,0,None
LUNCH_D1,Friday,106.2,takeout,3,4.54,1.07,8.96,5,0,None
LUNCH_D1,Friday,106.83,dine_in,2,0.63,1.31,12.14,1,0,None
LUNCH_D1,Friday,107.53,dine_in,2,0.7,1.91,14.6,3,0,None
LUNCH_D1,Friday,107.73,dine_in,3,0.2,2.87,13.39,1,0,None
LUNCH_D1,Friday,108.07,dine_in,1,0.34,1.18,9.55,2,0,None
LUNCH_D1,Friday,115.16,delivery_courier,3,7.09,1.13,7.44,4,0,GrabFood
LUNCH_D1,Friday,117.35,takeout,3,2.19,1.29,11.64,0,0,None
LUNCH_D1,Friday,117.38,dine_in,3,0.02,1.02,8.63,2,0,None
LUNCH_D1,Friday,118.13,delivery_courier,1,0.76,0.99,10.92,2,0,GrabFood
LUNCH_D1,Friday,118.76,dine_in,3,0.63,2.29,26.71,6,0,None
LUNCH_D2,Saturday,1.26,takeout,1,1.26,0.88,8.45,4,0,None
LUNCH_D2,Saturday,2.82,dine_in,1,1.56,2.63,7.71,0,0,None
LUNCH_D2,Saturday,3.35,delivery_courier,3,0.53,0.93,20.16,2,0,GrabFood
LUNCH_D2,Saturday,3.37,dine_in,4,0.03,1.29,21.16,4,0,None
LUNCH_D2,Saturday,4.3,dine_in,4,0.93,2.52,16.34,8,0,None
LUNCH_D2,Saturday,4.88,dine_in,2,0.57,1.4,13.4,3,0,None
LUNCH_D2,Saturday,6.96,delivery_courier,4,2.08,0.65,17.85,7,0,Foodpanda
LUNCH_D2,Saturday,10.33,dine_in,1,3.38,1.75,13.6,3,0,None
LUNCH_D2,Saturday,11.4,takeout,2,1.07,0.79,15.7,6,0,None
LUNCH_D2,Saturday,12.94,delivery_courier,1,1.54,0.66,17.87,5,0,GrabFood
LUNCH_D2,Saturday,14.62,dine_in,3,1.68,1.33,10.03,3,0,None
LUNCH_D2,Saturday,17.04,delivery_courier,2,2.42,0.43,6.19,6,0,GrabFood
LUNCH_D2,Saturday,18.04,takeout,2,1.0,1.46,19.11,3,0,None
LUNCH_D2,Saturday,19.85,dine_in,3,1.81,1.55,16.34,2,0,None
LUNCH_D2,Saturday,20.64,dine_in,1,0.79,1.43,16.31,2,0,None
LUNCH_D2,Saturday,22.05,delivery_courier,4,1.42,0.78,11.8,4,0,GrabFood
LUNCH_D2,Saturday,22.27,dine_in,2,0.21,2.27,17.96,1,0,None
LUNCH_D2,Saturday,23.02,dine_in,4,0.75,1.69,9.04,5,0,None
LUNCH_D2,Saturday,24.35,takeout,2,1.33,1.64,11.62,4,0,None
LUNCH_D2,Saturday,27.46,dine_in,1,3.11,1.49,9.69,4,0,None
LUNCH_D2,Saturday,27.52,takeout,1,0.06,1.39,20.47,2,0,None
LUNCH_D2,Saturday,27.91,delivery_courier,1,0.39,0.7,15.32,5,0,GrabFood
LUNCH_D2,Saturday,28.48,delivery_courier,3,0.57,0.68,7.78,2,0,Foodpanda
LUNCH_D2,Saturday,29.23,takeout,1,0.74,1.32,6.15,5,0,None
LUNCH_D2,Saturday,30.9,takeout,2,1.68,1.72,11.59,4,0,None
LUNCH_D2,Saturday,30.95,delivery_courier,2,0.05,0.67,10.25,4,0,Foodpanda
LUNCH_D2,Saturday,32.2,dine_in,1,1.25,2.16,13.69,7,0,None
LUNCH_D2,Saturday,32.39,takeout,2,0.19,0.0,0.0,9,1,None
LUNCH_D2,Saturday,33.97,delivery_courier,2,1.59,0.93,10.95,4,0,GrabFood
LUNCH_D2,Saturday,35.65,delivery_courier,3,1.67,0.47,8.07,8,0,GrabFood
LUNCH_D2,Saturday,36.6,delivery_courier,1,0.95,0.75,18.55,9,0,GrabFood
LUNCH_D2,Saturday,37.51,delivery_courier,2,0.91,0.75,11.76,6,0,GrabFood
LUNCH_D2,Saturday,40.28,takeout,1,2.77,1.8,14.11,4,0,None
LUNCH_D2,Saturday,40.97,takeout,2,0.69,1.52,9.77,3,0,None
LUNCH_D2,Saturday,42.32,delivery_courier,3,1.35,0.86,13.92,8,0,GrabFood
LUNCH_D2,Saturday,42.35,takeout,4,0.03,2.04,13.17,6,0,None
LUNCH_D2,Saturday,42.58,delivery_courier,2,0.23,0.47,5.26,5,0,GrabFood
LUNCH_D2,Saturday,42.81,delivery_courier,1,0.23,1.03,9.72,7,0,GrabFood
LUNCH_D2,Saturday,46.24,delivery_courier,3,3.43,1.16,18.03,4,0,GrabFood
LUNCH_D2,Saturday,46.67,dine_in,2,0.44,0.0,0.0,11,1,None
LUNCH_D2,Saturday,47.07,takeout,4,0.4,0.89,16.04,7,0,None
LUNCH_D2,Saturday,47.26,delivery_courier,2,0.19,0.45,10.47,6,0,GrabFood
LUNCH_D2,Saturday,47.69,dine_in,4,0.43,2.37,10.29,5,0,None
LUNCH_D2,Saturday,48.41,delivery_courier,2,0.71,0.91,12.57,11,0,GrabFood
LUNCH_D2,Saturday,48.69,dine_in,2,0.28,1.57,9.21,4,0,None
LUNCH_D2,Saturday,49.33,takeout,2,0.64,1.89,12.15,7,0,None
LUNCH_D2,Saturday,49.34,dine_in,2,0.01,2.08,8.72,5,0,None
LUNCH_D2,Saturday,50.42,takeout,2,1.08,0.0,0.0,12,1,None
LUNCH_D2,Saturday,51.13,takeout,2,0.7,0.84,19.44,5,0,None
LUNCH_D2,Saturday,51.17,dine_in,2,0.04,2.66,20.03,9,0,None
LUNCH_D2,Saturday,51.19,dine_in,2,0.02,2.44,15.55,4,0,None
LUNCH_D2,Saturday,52.19,delivery_courier,2,1.0,0.73,10.36,10,0,GrabFood
LUNCH_D2,Saturday,52.23,dine_in,2,0.03,0.0,0.0,11,1,None
LUNCH_D2,Saturday,52.78,dine_in,2,0.55,1.3,9.02,9,0,None
LUNCH_D2,Saturday,54.42,dine_in,2,1.64,2.35,16.6,10,0,None
LUNCH_D2,Saturday,54.72,delivery_courier,3,0.3,1.12,15.75,8,0,Foodpanda
LUNCH_D2,Saturday,54.73,dine_in,2,0.01,2.63,3.27,7,0,None
LUNCH_D2,Saturday,58.21,takeout,3,3.48,1.64,16.35,5,0,None
LUNCH_D2,Saturday,59.29,takeout,1,1.08,1.23,17.77,4,0,None
LUNCH_D2,Saturday,60.26,delivery_courier,1,0.96,0.56,5.17,7,0,GrabFood
LUNCH_D2,Saturday,61.22,delivery_courier,2,0.96,1.13,8.65,9,0,GrabFood
LUNCH_D2,Saturday,61.74,takeout,1,0.53,0.0,0.0,10,1,None
LUNCH_D2,Saturday,61.83,takeout,1,0.09,1.37,9.59,2,0,None
LUNCH_D2,Saturday,61.83,dine_in,3,0.0,2.42,13.42,6,0,None
LUNCH_D2,Saturday,63.28,dine_in,4,1.45,1.36,18.77,6,0,None
LUNCH_D2,Saturday,64.16,delivery_courier,3,0.88,0.76,19.73,4,0,GrabFood
LUNCH_D2,Saturday,64.51,dine_in,2,0.35,1.96,17.64,7,0,None
LUNCH_D2,Saturday,65.22,takeout,2,0.71,1.86,11.51,7,0,None
LUNCH_D2,Saturday,65.52,dine_in,1,0.29,1.56,10.06,4,0,None
LUNCH_D2,Saturday,66.0,takeout,1,0.48,1.72,2.94,10,0,None
LUNCH_D2,Saturday,66.2,dine_in,2,0.2,1.51,12.67,4,0,None
LUNCH_D2,Saturday,66.21,delivery_courier,3,0.02,0.69,12.91,5,0,Foodpanda
LUNCH_D2,Saturday,66.63,dine_in,4,0.42,0.0,0.0,8,1,None
LUNCH_D2,Saturday,67.27,delivery_courier,3,0.64,0.81,14.32,8,0,GrabFood
LUNCH_D2,Saturday,67.27,takeout,2,0.01,1.17,15.1,6,0,None
LUNCH_D2,Saturday,67.68,takeout,2,0.41,0.9,14.15,3,0,None
LUNCH_D2,Saturday,69.85,dine_in,4,2.17,1.39,15.33,8,0,None
LUNCH_D2,Saturday,71.53,delivery_courier,5,1.68,0.87,14.24,9,0,GrabFood
LUNCH_D2,Saturday,71.85,delivery_courier,2,0.32,0.5,21.22,6,0,Foodpanda
LUNCH_D2,Saturday,71.94,dine_in,2,0.09,0.0,0.0,9,1,None
LUNCH_D2,Saturday,73.09,dine_in,2,1.15,1.75,10.05,5,0,None
LUNCH_D2,Saturday,73.76,dine_in,2,0.67,0.0,0.0,10,1,None
LUNCH_D2,Saturday,74.45,dine_in,2,0.69,2.57,15.49,3,0,None
LUNCH_D2,Saturday,74.87,delivery_courier,4,0.42,0.79,17.11,7,0,Foodpanda
LUNCH_D2,Saturday,75.07,dine_in,2,0.2,2.08,15.45,1,0,None
LUNCH_D2,Saturday,76.59,dine_in,2,1.52,1.97,7.32,9,0,None
LUNCH_D2,Saturday,77.25,takeout,1,0.66,1.46,16.92,4,0,None
LUNCH_D2,Saturday,77.34,takeout,2,0.09,0.0,0.0,11,1,None
LUNCH_D2,Saturday,77.7,dine_in,4,0.36,1.61,9.42,8,0,None
LUNCH_D2,Saturday,79.27,dine_in,3,1.57,1.75,16.36,7,0,None
LUNCH_D2,Saturday,80.71,takeout,2,1.44,1.18,14.0,3,0,None
LUNCH_D2,Saturday,81.75,delivery_courier,2,1.04,0.94,12.2,4,0,GrabFood
LUNCH_D2,Saturday,82.16,takeout,2,0.41,1.3,9.12,4,0,None
LUNCH_D2,Saturday,82.55,dine_in,2,0.39,1.49,9.64,7,0,None
LUNCH_D2,Saturday,82.62,takeout,1,0.07,1.23,5.0,5,0,None
LUNCH_D2,Saturday,82.92,dine_in,2,0.3,1.21,11.48,5,0,None
LUNCH_D2,Saturday,83.81,takeout,2,0.89,2.05,12.77,1,0,None
LUNCH_D2,Saturday,84.93,takeout,2,1.12,1.05,10.88,5,0,None
LUNCH_D2,Saturday,86.16,takeout,2,1.23,1.15,13.24,1,0,None
LUNCH_D2,Saturday,89.45,dine_in,3,3.29,1.0,9.08,3,0,None
LUNCH_D2,Saturday,92.16,dine_in,2,2.71,1.86,11.21,2,0,None
LUNCH_D2,Saturday,93.32,dine_in,3,1.16,2.38,9.37,1,0,None
LUNCH_D2,Saturday,93.65,dine_in,2,0.33,2.22,8.92,5,0,None
LUNCH_D2,Saturday,96.78,takeout,1,3.13,1.25,11.82,4,0,None
LUNCH_D2,Saturday,97.15,dine_in,3,0.37,1.67,16.76,6,0,None
LUNCH_D2,Saturday,100.44,dine_in,3,3.29,1.52,9.72,2,0,None
LUNCH_D2,Saturday,103.62,dine_in,3,3.18,1.35,12.69,3,0,None
LUNCH_D2,Saturday,103.87,takeout,3,0.25,1.2,13.15,3,0,None
LUNCH_D2,Saturday,104.41,dine_in,3,0.54,1.75,6.63,5,0,None
LUNCH_D2,Saturday,106.99,dine_in,2,2.58,2.33,10.12,5,0,None
LUNCH_D2,Saturday,107.21,takeout,1,0.22,1.06,20.64,2,0,None
LUNCH_D2,Saturday,108.78,takeout,2,1.57,0.82,8.85,1,0,None
LUNCH_D2,Saturday,109.09,takeout,2,0.31,1.26,6.97,1,0,None
LUNCH_D2,Saturday,109.4,delivery_courier,3,0.31,0.65,12.68,5,0,GrabFood
LUNCH_D2,Saturday,109.55,takeout,1,0.15,1.27,10.45,3,0,None
LUNCH_D2,Saturday,110.23,dine_in,3,0.68,1.92,13.53,2,0,None
LUNCH_D2,Saturday,110.59,dine_in,3,0.36,1.38,9.31,7,0,None
LUNCH_D2,Saturday,112.61,delivery_courier,2,2.02,0.85,11.57,2,0,GrabFood
LUNCH_D2,Saturday,113.92,dine_in,2,1.3,1.57,9.18,5,0,None
LUNCH_D2,Saturday,114.69,takeout,2,0.78,1.12,11.01,1,0,None
LUNCH_D2,Saturday,115.52,dine_in,3,0.83,2.14,20.84,2,0,None
LUNCH_D2,Saturday,117.55,takeout,1,2.03,1.86,13.17,4,0,None
DINNER_D1,Friday,1.76,takeout,2,1.76,1.59,8.34,4,0,None
DINNER_D1,Friday,2.11,dine_in,2,0.34,2.02,9.07,3,0,None
DINNER_D1,Friday,4.24,takeout,3,2.13,1.16,15.77,5,0,None
DINNER_D1,Friday,5.36,dine_in,2,1.12,2.03,7.99,4,0,None
DINNER_D1,Friday,6.05,dine_in,2,0.7,1.82,12.33,2,0,None
DINNER_D1,Friday,8.85,delivery_courier,2,2.8,0.58,10.66,6,0,GrabFood
DINNER_D1,Friday,10.53,delivery_courier,4,1.68,0.78,20.39,2,0,GrabFood
DINNER_D1,Friday,11.82,dine_in,1,1.29,2.28,8.48,3,0,None
DINNER_D1,Friday,12.82,takeout,3,1.0,1.46,14.51,7,0,None
DINNER_D1,Friday,19.33,delivery_courier,3,6.51,0.8,5.57,3,0,Foodpanda
DINNER_D1,Friday,19.86,delivery_courier,2,0.54,0.91,7.14,5,0,GrabFood
DINNER_D1,Friday,21.12,delivery_courier,2,1.26,1.02,13.75,0,0,Foodpanda
DINNER_D1,Friday,23.17,delivery_courier,5,2.05,0.87,16.21,3,0,GrabFood
DINNER_D1,Friday,23.65,dine_in,1,0.48,1.96,10.13,4,0,None
DINNER_D1,Friday,25.83,delivery_courier,2,2.18,1.14,13.3,4,0,Foodpanda
DINNER_D1,Friday,25.9,dine_in,1,0.07,1.42,11.43,6,0,None
DINNER_D1,Friday,26.57,dine_in,1,0.67,1.49,8.42,5,0,None
DINNER_D1,Friday,26.85,dine_in,2,0.28,1.42,17.72,2,0,None
DINNER_D1,Friday,27.02,dine_in,3,0.17,1.73,15.64,1,0,None
DINNER_D1,Friday,27.17,takeout,2,0.15,0.96,5.5,3,0,None
DINNER_D1,Friday,27.55,delivery_courier,1,0.38,0.85,9.8,7,0,GrabFood
DINNER_D1,Friday,28.96,takeout,2,1.41,1.02,16.43,6,0,None
DINNER_D1,Friday,32.03,dine_in,2,3.07,1.97,12.93,5,0,None
DINNER_D1,Friday,32.35,dine_in,1,0.31,2.2,6.68,6,0,None
DINNER_D1,Friday,32.43,takeout,3,0.09,1.83,9.17,4,0,None
DINNER_D1,Friday,34.39,delivery_courier,3,1.96,0.82,9.0,4,0,GrabFood
DINNER_D1,Friday,34.71,dine_in,2,0.32,1.87,18.5,6,0,None
DINNER_D1,Friday,34.74,dine_in,2,0.03,1.11,10.23,5,0,None
DINNER_D1,Friday,35.27,delivery_courier,2,0.53,0.53,9.39,2,0,GrabFood
DINNER_D1,Friday,35.44,dine_in,3,0.17,1.99,14.31,4,0,None
DINNER_D1,Friday,37.83,dine_in,1,2.39,1.44,10.17,3,0,None
DINNER_D1,Friday,38.78,delivery_courier,2,0.95,1.25,11.56,8,0,Foodpanda
DINNER_D1,Friday,39.81,takeout,4,1.03,1.16,18.97,3,0,None
DINNER_D1,Friday,39.98,dine_in,4,0.17,1.87,11.41,2,0,None
DINNER_D1,Friday,42.82,dine_in,2,2.84,0.0,0.0,9,1,None
DINNER_D1,Friday,43.01,takeout,2,0.19,1.08,8.38,7,0,None
DINNER_D1,Friday,43.11,takeout,2,0.1,1.01,5.26,5,0,None
DINNER_D1,Friday,44.9,dine_in,3,1.8,2.21,13.53,8,0,None
DINNER_D1,Friday,45.0,delivery_courier,2,0.09,0.93,8.11,3,0,GrabFood
DINNER_D1,Friday,45.14,takeout,2,0.14,0.91,10.02,7,0,None
DINNER_D1,Friday,45.84,dine_in,2,0.7,0.0,0.0,8,1,None
DINNER_D1,Friday,46.3,takeout,3,0.46,1.55,24.5,8,0,None
DINNER_D1,Friday,46.32,dine_in,2,0.02,1.28,15.05,6,0,None
DINNER_D1,Friday,46.38,dine_in,2,0.06,1.57,12.63,6,0,None
DINNER_D1,Friday,47.2,takeout,1,0.81,1.29,5.42,4,0,None
DINNER_D1,Friday,48.13,delivery_courier,2,0.93,1.07,13.47,12,0,Foodpanda
DINNER_D1,Friday,48.52,dine_in,4,0.39,1.49,13.02,7,0,None
DINNER_D1,Friday,48.82,takeout,3,0.29,1.53,14.79,6,0,None
DINNER_D1,Friday,48.91,delivery_courier,2,0.09,0.64,20.74,5,0,GrabFood
DINNER_D1,Friday,49.25,dine_in,1,0.34,2.28,8.97,4,0,None
DINNER_D1,Friday,49.35,dine_in,3,0.1,1.84,11.05,3,0,None
DINNER_D1,Friday,49.36,delivery_courier,2,0.01,0.97,11.48,5,0,Foodpanda
DINNER_D1,Friday,49.68,takeout,1,0.32,1.32,15.61,7,0,None
DINNER_D1,Friday,49.84,delivery_courier,1,0.16,1.04,9.41,6,0,GrabFood
DINNER_D1,Friday,49.95,dine_in,2,0.11,1.62,8.0,3,0,None
DINNER_D1,Friday,50.15,delivery_courier,4,0.2,0.63,16.64,8,0,GrabFood
DINNER_D1,Friday,50.9,dine_in,1,0.75,0.0,0.0,11,1,None
DINNER_D1,Friday,51.16,takeout,3,0.27,1.73,16.15,6,0,None
DINNER_D1,Friday,52.49,dine_in,1,1.33,0.0,0.0,12,1,None
DINNER_D1,Friday,52.66,takeout,3,0.17,1.79,9.59,3,0,None
DINNER_D1,Friday,53.52,dine_in,2,0.85,1.47,12.23,4,0,None
DINNER_D1,Friday,54.02,dine_in,2,0.51,1.24,10.62,7,0,None
DINNER_D1,Friday,54.28,delivery_courier,2,0.26,0.71,15.29,11,0,GrabFood
DINNER_D1,Friday,54.29,takeout,2,0.01,0.99,7.35,7,0,None
DINNER_D1,Friday,55.12,delivery_courier,2,0.82,0.97,6.85,0,0,GrabFood
DINNER_D1,Friday,56.3,delivery_courier,3,1.18,0.58,9.47,6,0,GrabFood
DINNER_D1,Friday,56.42,delivery_courier,2,0.12,0.91,12.93,11,0,Foodpanda
DINNER_D1,Friday,57.27,delivery_courier,3,0.86,0.8,8.52,4,0,Foodpanda
DINNER_D1,Friday,57.4,dine_in,4,0.13,1.26,20.16,5,0,None
DINNER_D1,Friday,58.02,delivery_courier,1,0.61,0.66,26.15,11,0,GrabFood
DINNER_D1,Friday,58.28,delivery_courier,1,0.27,0.8,14.64,7,0,GrabFood
DINNER_D1,Friday,58.81,delivery_courier,2,0.52,0.75,11.23,6,0,GrabFood
DINNER_D1,Friday,60.08,dine_in,2,1.28,1.85,5.77,9,0,None
DINNER_D1,Friday,60.38,dine_in,3,0.29,1.8,8.53,7,0,None
DINNER_D1,Friday,60.87,delivery_courier,2,0.49,1.2,14.46,5,0,GrabFood
DINNER_D1,Friday,61.24,takeout,3,0.38,1.38,21.49,8,0,None
DINNER_D1,Friday,62.84,takeout,2,1.6,1.03,24.54,6,0,None
DINNER_D1,Friday,62.87,takeout,4,0.03,1.71,10.0,7,0,None
DINNER_D1,Friday,63.88,takeout,3,1.01,1.66,6.94,9,0,None
DINNER_D1,Friday,63.93,dine_in,1,0.05,1.76,11.71,4,0,None
DINNER_D1,Friday,64.2,delivery_courier,2,0.28,1.24,25.46,6,0,Foodpanda
DINNER_D1,Friday,65.26,dine_in,1,1.06,1.58,14.17,4,0,None
DINNER_D1,Friday,65.92,delivery_courier,2,0.66,0.94,7.43,3,0,GrabFood
DINNER_D1,Friday,65.93,dine_in,1,0.01,1.37,21.99,7,0,None
DINNER_D1,Friday,66.58,takeout,2,0.64,1.28,9.28,9,0,None
DINNER_D1,Friday,66.89,takeout,3,0.31,1.38,18.69,7,0,None
DINNER_D1,Friday,66.97,takeout,2,0.08,1.24,20.75,9,0,None
DINNER_D1,Friday,67.33,takeout,2,0.36,1.57,23.47,6,0,None
DINNER_D1,Friday,68.23,takeout,2,0.9,1.36,17.35,7,0,None
DINNER_D1,Friday,68.73,delivery_courier,2,0.5,1.1,8.13,8,0,Foodpanda
DINNER_D1,Friday,69.25,delivery_courier,2,0.52,0.86,6.11,7,0,GrabFood
DINNER_D1,Friday,69.3,dine_in,2,0.05,1.95,23.51,4,0,None
DINNER_D1,Friday,70.22,delivery_courier,1,0.91,0.68,9.81,11,0,GrabFood
DINNER_D1,Friday,71.33,takeout,2,1.12,2.05,14.16,11,0,None
DINNER_D1,Friday,71.41,takeout,3,0.08,1.1,13.2,8,0,None
DINNER_D1,Friday,72.21,delivery_courier,4,0.8,0.69,13.83,6,0,Foodpanda
DINNER_D1,Friday,73.41,dine_in,3,1.2,0.0,0.0,10,1,None
DINNER_D1,Friday,74.35,delivery_courier,2,0.94,1.11,10.93,12,0,GrabFood
DINNER_D1,Friday,74.46,delivery_courier,3,0.11,0.76,23.87,11,0,Foodpanda
DINNER_D1,Friday,74.53,dine_in,3,0.07,2.16,8.53,7,0,None
DINNER_D1,Friday,74.99,delivery_courier,2,0.46,0.56,10.49,9,0,GrabFood
DINNER_D1,Friday,75.31,dine_in,3,0.32,1.67,11.62,9,0,None
DINNER_D1,Friday,75.44,dine_in,2,0.13,2.48,15.1,0,0,None
DINNER_D1,Friday,76.24,dine_in,1,0.8,1.6,19.65,6,0,None
DINNER_D1,Friday,76.26,delivery_courier,2,0.02,0.77,16.2,2,0,GrabFood
DINNER_D1,Friday,76.61,takeout,2,0.35,2.18,7.89,9,0,None
DINNER_D1,Friday,76.92,dine_in,3,0.31,1.52,20.19,2,0,None
DINNER_D1,Friday,77.08,dine_in,1,0.16,1.18,6.82,8,0,None
DINNER_D1,Friday,77.19,delivery_courier,2,0.11,0.57,7.61,6,0,GrabFood
DINNER_D1,Friday,78.37,dine_in,3,1.18,1.5,9.13,7,0,None
DINNER_D1,Friday,78.84,dine_in,2,0.48,1.64,6.37,8,0,None
DINNER_D1,Friday,79.04,delivery_courier,5,0.2,1.01,21.87,5,0,Foodpanda
DINNER_D1,Friday,79.17,dine_in,4,0.13,0.0,0.0,8,1,None
DINNER_D1,Friday,79.73,delivery_courier,2,0.56,0.96,9.41,5,0,Foodpanda
DINNER_D1,Friday,79.87,dine_in,3,0.14,2.01,11.03,5,0,None
DINNER_D1,Friday,80.04,dine_in,1,0.17,1.72,10.36,4,0,None
DINNER_D1,Friday,80.27,delivery_courier,2,0.23,1.17,7.48,8,0,GrabFood
DINNER_D1,Friday,82.17,takeout,2,1.9,1.92,6.33,5,0,None
DINNER_D1,Friday,82.44,delivery_courier,2,0.27,1.04,10.37,13,0,GrabFood
DINNER_D1,Friday,83.16,dine_in,3,0.72,2.11,18.79,6,0,None
DINNER_D1,Friday,83.32,delivery_courier,3,0.16,0.67,17.94,8,0,GrabFood
DINNER_D1,Friday,84.17,takeout,3,0.85,1.21,15.03,7,0,None
DINNER_D1,Friday,84.78,dine_in,2,0.6,1.36,13.43,7,0,None
DINNER_D1,Friday,84.92,dine_in,1,0.15,1.29,22.51,10,0,None
DINNER_D1,Friday,85.44,takeout,2,0.51,1.46,35.31,9,0,None
DINNER_D1,Friday,85.93,dine_in,3,0.5,1.82,8.2,5,0,None
DINNER_D1,Friday,87.79,delivery_courier,3,1.85,1.17,12.81,4,0,GrabFood
DINNER_D1,Friday,87.85,delivery_courier,3,0.06,1.07,11.43,5,0,GrabFood
DINNER_D1,Friday,88.35,delivery_courier,1,0.5,1.07,17.74,3,0,GrabFood
DINNER_D1,Friday,88.38,dine_in,2,0.03,2.14,10.89,5,0,None
DINNER_D1,Friday,90.9,delivery_courier,3,2.52,1.18,12.56,7,0,GrabFood
DINNER_D1,Friday,91.5,dine_in,2,0.6,2.66,8.93,4,0,None
DINNER_D1,Friday,92.21,dine_in,2,0.71,0.0,0.0,10,1,None
DINNER_D1,Friday,92.38,delivery_courier,3,0.18,0.9,12.23,5,0,GrabFood
DINNER_D1,Friday,95.64,dine_in,1,3.26,1.11,9.94,4,0,None
DINNER_D1,Friday,97.05,delivery_courier,1,1.42,1.2,7.32,9,0,Foodpanda
DINNER_D1,Friday,99.33,dine_in,3,2.28,1.52,7.9,3,0,None
DINNER_D1,Friday,100.26,takeout,4,0.93,1.21,10.92,6,0,None
DINNER_D1,Friday,100.8,delivery_courier,2,0.54,0.64,20.19,2,0,GrabFood
DINNER_D1,Friday,100.85,takeout,3,0.05,1.37,11.38,5,0,None
DINNER_D1,Friday,104.43,dine_in,2,3.58,1.72,12.34,10,0,None
DINNER_D1,Friday,105.22,dine_in,3,0.79,2.7,6.12,3,0,None
DINNER_D1,Friday,107.18,dine_in,1,1.96,1.36,11.61,4,0,None
DINNER_D1,Friday,110.09,dine_in,4,2.91,1.25,9.5,6,0,None
DINNER_D1,Friday,110.13,dine_in,3,0.04,1.08,18.08,3,0,None
DINNER_D1,Friday,110.14,delivery_courier,4,0.01,0.9,4.78,6,0,Foodpanda
DINNER_D1,Friday,110.31,takeout,2,0.17,1.44,14.83,3,0,None
DINNER_D1,Friday,110.49,dine_in,2,0.18,1.52,16.14,2,0,None
DINNER_D1,Friday,110.5,delivery_courier,4,0.01,1.24,6.92,1,0,GrabFood
DINNER_D1,Friday,110.82,dine_in,2,0.32,2.73,11.84,6,0,None
DINNER_D1,Friday,111.1,takeout,2,0.28,1.26,18.55,5,0,None
DINNER_D1,Friday,111.72,delivery_courier,3,0.62,0.83,13.47,5,0,Foodpanda
DINNER_D1,Friday,112.65,delivery_courier,2,0.93,0.81,26.24,5,0,Foodpanda
DINNER_D1,Friday,112.96,delivery_courier,5,0.31,0.84,9.81,5,0,GrabFood
DINNER_D1,Friday,113.01,dine_in,2,0.06,1.53,16.95,3,0,None
DINNER_D1,Friday,113.61,dine_in,2,0.59,1.99,12.57,5,0,None
DINNER_D1,Friday,113.87,delivery_courier,1,0.27,1.23,8.25,3,0,GrabFood
DINNER_D1,Friday,114.35,takeout,2,0.48,1.11,21.87,2,0,None
DINNER_D1,Friday,114.87,dine_in,4,0.52,1.53,10.42,3,0,None
DINNER_D1,Friday,115.67,delivery_courier,4,0.8,0.96,13.37,4,0,Foodpanda
DINNER_D1,Friday,117.34,dine_in,3,1.67,1.97,12.17,5,0,None
DINNER_D1,Friday,120.2,dine_in,3,2.87,2.41,24.99,4,0,None
DINNER_D1,Friday,120.26,dine_in,2,0.06,1.47,17.55,3,0,None
DINNER_D1,Friday,120.43,delivery_courier,4,0.17,0.92,14.84,5,0,GrabFood
DINNER_D1,Friday,121.33,dine_in,2,0.89,1.8,18.66,2,0,None
DINNER_D1,Friday,122.73,delivery_courier,2,1.4,1.12,4.22,1,0,Foodpanda
DINNER_D1,Friday,125.16,delivery_courier,3,2.43,0.53,25.75,1,0,GrabFood
DINNER_D1,Friday,125.53,dine_in,4,0.37,1.93,9.75,5,0,None
DINNER_D1,Friday,125.56,takeout,3,0.03,1.02,8.73,6,0,None
DINNER_D1,Friday,130.48,delivery_courier,2,4.92,1.06,10.19,1,0,GrabFood
DINNER_D1,Friday,131.25,delivery_courier,3,0.78,1.27,24.19,2,0,GrabFood
DINNER_D1,Friday,131.8,takeout,2,0.54,1.52,12.36,3,0,None
DINNER_D1,Friday,134.53,dine_in,2,2.74,1.65,9.74,3,0,None
DINNER_D1,Friday,137.13,dine_in,2,2.6,2.47,14.72,1,0,None
DINNER_D1,Friday,139.44,dine_in,2,2.31,1.38,15.45,3,0,None
DINNER_D1,Friday,139.69,dine_in,2,0.25,1.15,19.15,1,0,None
DINNER_D1,Friday,140.23,takeout,2,0.54,1.62,13.3,0,0,None
DINNER_D1,Friday,141.31,delivery_courier,3,1.08,0.61,17.26,2,0,Foodpanda
DINNER_D1,Friday,141.56,dine_in,3,0.25,2.11,14.78,5,0,None
DINNER_D1,Friday,141.99,takeout,2,0.42,1.06,8.35,2,0,None
DINNER_D1,Friday,142.84,delivery_courier,2,0.85,0.92,14.73,4,0,GrabFood
DINNER_D1,Friday,144.27,takeout,3,1.43,1.19,17.37,4,0,None
DINNER_D1,Friday,147.35,dine_in,3,3.08,2.68,5.89,3,0,None
DINNER_D2,Sunday,1.4,dine_in,1,1.4,1.33,10.24,1,0,None
DINNER_D2,Sunday,1.59,dine_in,2,0.19,1.36,8.11,1,0,None
DINNER_D2,Sunday,3.72,dine_in,2,2.13,1.69,12.69,5,0,None
DINNER_D2,Sunday,9.62,dine_in,2,5.9,2.17,17.05,6,0,None
DINNER_D2,Sunday,10.21,takeout,2,0.59,1.83,8.2,5,0,None
DINNER_D2,Sunday,10.59,delivery_courier,3,0.38,0.76,17.27,3,0,GrabFood
DINNER_D2,Sunday,12.68,dine_in,2,2.1,1.05,10.75,2,0,None
DINNER_D2,Sunday,21.48,dine_in,2,8.8,1.26,14.07,8,0,None
DINNER_D2,Sunday,23.38,dine_in,1,1.9,2.79,8.6,4,0,None
DINNER_D2,Sunday,23.45,dine_in,2,0.06,1.58,16.35,6,0,None
DINNER_D2,Sunday,23.53,dine_in,2,0.08,1.65,8.76,8,0,None
DINNER_D2,Sunday,23.95,takeout,1,0.42,0.83,8.2,6,0,None
DINNER_D2,Sunday,24.61,takeout,1,0.66,1.11,14.42,6,0,None
DINNER_D2,Sunday,25.19,dine_in,3,0.58,2.88,7.6,5,0,None
DINNER_D2,Sunday,25.91,takeout,4,0.71,1.33,14.87,5,0,None
DINNER_D2,Sunday,29.14,takeout,2,3.23,1.49,11.07,3,0,None
DINNER_D2,Sunday,30.67,dine_in,1,1.52,2.78,6.25,5,0,None
DINNER_D2,Sunday,30.78,delivery_courier,2,0.11,0.74,17.12,7,0,Foodpanda
DINNER_D2,Sunday,31.27,takeout,2,0.49,1.13,11.48,3,0,None
DINNER_D2,Sunday,31.28,takeout,3,0.01,1.48,13.87,4,0,None
DINNER_D2,Sunday,31.72,delivery_courier,4,0.45,1.2,15.98,7,0,Foodpanda
DINNER_D2,Sunday,33.56,dine_in,4,1.84,1.79,16.3,1,0,None
DINNER_D2,Sunday,34.54,dine_in,4,0.97,1.03,17.3,1,0,None
DINNER_D2,Sunday,36.13,dine_in,2,1.59,2.14,12.41,4,0,None
DINNER_D2,Sunday,36.27,takeout,1,0.14,1.49,15.17,5,0,None
DINNER_D2,Sunday,39.7,takeout,2,3.43,1.29,9.18,4,0,None
DINNER_D2,Sunday,41.31,dine_in,1,1.61,1.91,17.79,4,0,None
DINNER_D2,Sunday,42.13,dine_in,3,0.82,1.35,10.11,5,0,None
DINNER_D2,Sunday,43.25,dine_in,2,1.12,0.0,0.0,12,1,None
DINNER_D2,Sunday,43.77,takeout,1,0.52,2.0,7.41,4,0,None
DINNER_D2,Sunday,44.05,dine_in,2,0.28,1.69,9.59,7,0,None
DINNER_D2,Sunday,44.22,takeout,1,0.17,1.79,12.6,6,0,None
DINNER_D2,Sunday,45.19,dine_in,4,0.97,1.4,12.33,3,0,None
DINNER_D2,Sunday,47.96,dine_in,4,2.77,1.28,16.52,7,0,None
DINNER_D2,Sunday,48.21,dine_in,2,0.25,1.26,15.1,4,0,None
DINNER_D2,Sunday,50.1,takeout,3,1.89,1.35,15.4,6,0,None
DINNER_D2,Sunday,50.62,dine_in,1,0.52,2.28,11.79,4,0,None
DINNER_D2,Sunday,50.86,dine_in,2,0.24,1.16,9.53,5,0,None
DINNER_D2,Sunday,51.34,takeout,2,0.48,1.01,12.6,4,0,None
DINNER_D2,Sunday,51.35,delivery_courier,3,0.01,0.69,10.78,8,0,Foodpanda
DINNER_D2,Sunday,51.69,delivery_courier,3,0.34,0.83,15.23,5,0,GrabFood
DINNER_D2,Sunday,51.97,delivery_courier,4,0.28,0.76,14.79,6,0,Foodpanda
DINNER_D2,Sunday,52.96,dine_in,2,0.99,2.1,8.43,10,0,None
DINNER_D2,Sunday,53.56,dine_in,3,0.6,1.63,26.61,5,0,None
DINNER_D2,Sunday,54.71,dine_in,1,1.15,2.52,15.93,8,0,None
DINNER_D2,Sunday,55.21,takeout,2,0.5,1.82,14.32,8,0,None
DINNER_D2,Sunday,55.3,dine_in,4,0.1,2.16,13.14,8,0,None
DINNER_D2,Sunday,55.67,dine_in,2,0.36,1.76,4.77,11,0,None
DINNER_D2,Sunday,55.8,delivery_courier,2,0.13,0.85,15.47,3,0,GrabFood
DINNER_D2,Sunday,56.64,dine_in,1,0.84,1.49,11.34,7,0,None
DINNER_D2,Sunday,56.65,takeout,1,0.0,1.32,12.48,9,0,None
DINNER_D2,Sunday,56.91,dine_in,2,0.27,1.78,26.15,10,0,None
DINNER_D2,Sunday,57.74,dine_in,2,0.82,2.0,8.94,8,0,None
DINNER_D2,Sunday,57.87,delivery_courier,1,0.14,0.77,9.55,7,0,Foodpanda
DINNER_D2,Sunday,58.74,takeout,4,0.86,2.0,8.32,4,0,None
DINNER_D2,Sunday,58.92,takeout,3,0.19,0.0,0.0,9,1,None
DINNER_D2,Sunday,59.68,dine_in,2,0.76,1.63,11.33,10,0,None
DINNER_D2,Sunday,60.37,delivery_courier,2,0.68,1.26,10.31,8,0,Foodpanda
DINNER_D2,Sunday,60.79,dine_in,2,0.43,1.4,15.25,4,0,None
DINNER_D2,Sunday,61.11,takeout,2,0.32,1.12,11.81,6,0,None
DINNER_D2,Sunday,61.25,dine_in,2,0.13,2.48,14.08,3,0,None
DINNER_D2,Sunday,62.13,delivery_courier,3,0.89,1.03,17.22,7,0,GrabFood
DINNER_D2,Sunday,65.92,dine_in,3,3.78,1.46,16.64,6,0,None
DINNER_D2,Sunday,66.45,dine_in,3,0.53,1.67,14.29,6,0,None
DINNER_D2,Sunday,66.87,takeout,1,0.42,1.05,19.04,8,0,None
DINNER_D2,Sunday,67.15,dine_in,2,0.28,1.21,7.81,2,0,None
DINNER_D2,Sunday,68.58,dine_in,2,1.44,0.0,0.0,8,1,None
DINNER_D2,Sunday,69.47,dine_in,2,0.89,2.22,7.72,9,0,None
DINNER_D2,Sunday,69.91,delivery_courier,2,0.44,0.66,12.17,5,0,GrabFood
DINNER_D2,Sunday,70.64,dine_in,2,0.74,1.78,6.55,9,0,None
DINNER_D2,Sunday,71.15,dine_in,2,0.51,0.0,0.0,12,1,None
DINNER_D2,Sunday,71.31,dine_in,2,0.16,1.34,18.71,9,0,None
DINNER_D2,Sunday,71.55,delivery_courier,2,0.24,0.93,14.51,6,0,Foodpanda
DINNER_D2,Sunday,71.56,dine_in,2,0.01,1.51,10.18,9,0,None
DINNER_D2,Sunday,72.35,dine_in,2,0.79,0.0,0.0,12,1,None
DINNER_D2,Sunday,72.5,dine_in,3,0.15,1.24,7.03,5,0,None
DINNER_D2,Sunday,72.74,dine_in,2,0.24,1.28,10.85,4,0,None
DINNER_D2,Sunday,73.88,dine_in,4,1.14,0.94,20.46,7,0,None
DINNER_D2,Sunday,78.04,dine_in,2,4.16,0.0,0.0,8,1,None
DINNER_D2,Sunday,79.28,takeout,1,1.24,1.36,10.22,7,0,None
DINNER_D2,Sunday,80.08,delivery_courier,4,0.81,0.59,10.52,10,0,GrabFood
DINNER_D2,Sunday,80.47,dine_in,3,0.39,2.2,12.87,6,0,None
DINNER_D2,Sunday,80.56,dine_in,4,0.09,0.0,0.0,10,1,None
DINNER_D2,Sunday,82.24,dine_in,2,1.68,0.0,0.0,8,1,None
DINNER_D2,Sunday,82.3,delivery_courier,2,0.06,0.74,6.51,8,0,Foodpanda
DINNER_D2,Sunday,82.35,delivery_courier,5,0.05,0.88,18.58,4,0,GrabFood
DINNER_D2,Sunday,82.4,takeout,2,0.06,1.21,15.47,7,0,None
DINNER_D2,Sunday,82.55,dine_in,1,0.15,1.65,10.82,8,0,None
DINNER_D2,Sunday,82.7,dine_in,2,0.14,1.64,8.9,5,0,None
DINNER_D2,Sunday,83.01,delivery_courier,3,0.31,0.78,8.77,6,0,Foodpanda
DINNER_D2,Sunday,83.67,dine_in,1,0.66,2.23,13.03,7,0,None
DINNER_D2,Sunday,84.22,delivery_courier,2,0.55,0.45,16.32,5,0,GrabFood
DINNER_D2,Sunday,84.74,takeout,3,0.52,1.1,9.97,9,0,None
DINNER_D2,Sunday,85.27,dine_in,3,0.53,1.71,13.37,8,0,None
DINNER_D2,Sunday,85.29,delivery_courier,2,0.02,0.52,14.11,7,0,GrabFood
DINNER_D2,Sunday,85.61,takeout,1,0.32,1.37,9.21,5,0,None
DINNER_D2,Sunday,85.8,dine_in,2,0.19,0.0,0.0,9,1,None
DINNER_D2,Sunday,86.55,dine_in,2,0.75,1.61,11.57,10,0,None
DINNER_D2,Sunday,87.07,delivery_courier,3,0.52,0.89,7.2,10,0,GrabFood
DINNER_D2,Sunday,87.19,dine_in,2,0.12,1.84,16.4,4,0,None
DINNER_D2,Sunday,87.47,delivery_courier,2,0.29,0.57,24.9,5,0,Foodpanda
DINNER_D2,Sunday,88.3,dine_in,2,0.83,1.4,12.42,5,0,None
DINNER_D2,Sunday,88.35,dine_in,2,0.05,1.84,14.21,9,0,None
DINNER_D2,Sunday,88.44,takeout,3,0.09,1.99,11.22,4,0,None
DINNER_D2,Sunday,88.57,takeout,3,0.13,1.96,6.32,7,0,None
DINNER_D2,Sunday,89.58,dine_in,2,1.01,1.85,9.24,8,0,None
DINNER_D2,Sunday,90.47,takeout,1,0.88,2.18,20.47,8,0,None
DINNER_D2,Sunday,90.64,takeout,1,0.18,1.37,13.36,9,0,None
DINNER_D2,Sunday,90.75,delivery_courier,4,0.11,1.19,11.4,4,0,GrabFood
DINNER_D2,Sunday,91.14,dine_in,3,0.39,1.89,23.13,4,0,None
DINNER_D2,Sunday,92.99,delivery_courier,2,1.85,0.79,14.56,6,0,GrabFood
DINNER_D2,Sunday,93.03,takeout,2,0.04,0.89,16.5,8,0,None
DINNER_D2,Sunday,94.35,delivery_courier,4,1.32,0.52,15.48,4,0,GrabFood
DINNER_D2,Sunday,94.59,dine_in,2,0.24,2.22,10.42,0,0,None
DINNER_D2,Sunday,94.91,delivery_courier,3,0.32,0.58,4.95,3,0,GrabFood
DINNER_D2,Sunday,95.6,dine_in,1,0.69,0.0,0.0,8,1,None
DINNER_D2,Sunday,96.17,dine_in,4,0.57,1.66,16.42,4,0,None
DINNER_D2,Sunday,98.24,delivery_courier,2,2.07,0.76,10.37,4,0,Foodpanda
DINNER_D2,Sunday,98.27,takeout,2,0.04,1.09,15.55,5,0,None
DINNER_D2,Sunday,99.02,dine_in,3,0.75,1.48,9.18,4,0,None
DINNER_D2,Sunday,99.7,delivery_courier,2,0.68,1.2,10.57,6,0,GrabFood
DINNER_D2,Sunday,99.87,delivery_courier,5,0.17,0.83,13.77,8,0,GrabFood
DINNER_D2,Sunday,101.97,takeout,2,2.1,0.95,4.1,2,0,None
DINNER_D2,Sunday,102.06,dine_in,1,0.09,1.65,14.67,6,0,None
DINNER_D2,Sunday,102.08,delivery_courier,3,0.02,1.14,8.27,2,0,Foodpanda
DINNER_D2,Sunday,102.89,dine_in,2,0.81,1.68,16.28,5,0,None
DINNER_D2,Sunday,104.57,takeout,2,1.68,1.59,15.06,2,0,None
DINNER_D2,Sunday,105.1,dine_in,2,0.53,1.7,7.88,4,0,None
DINNER_D2,Sunday,105.34,dine_in,3,0.24,1.93,7.46,3,0,None
DINNER_D2,Sunday,106.16,dine_in,2,0.82,1.88,18.88,3,0,None
DINNER_D2,Sunday,113.1,takeout,2,6.94,1.91,6.57,3,0,None
DINNER_D2,Sunday,115.12,takeout,2,2.02,1.82,6.41,2,0,None
DINNER_D2,Sunday,115.7,takeout,2,0.58,1.82,5.02,0,0,None
DINNER_D2,Sunday,116.36,takeout,2,0.66,1.27,8.98,5,0,None
DINNER_D2,Sunday,117.33,delivery_courier,1,0.97,0.94,18.24,2,0,GrabFood
DINNER_D2,Sunday,118.28,delivery_courier,2,0.95,0.6,12.65,5,0,Foodpanda
DINNER_D2,Sunday,118.67,dine_in,3,0.39,1.75,22.85,1,0,None
DINNER_D2,Sunday,119.78,takeout,2,1.11,1.01,14.11,2,0,None
DINNER_D2,Sunday,120.6,delivery_courier,3,0.82,0.55,13.33,4,0,GrabFood
DINNER_D2,Sunday,122.4,dine_in,3,1.8,1.39,12.79,6,0,None
DINNER_D2,Sunday,123.3,delivery_courier,3,0.9,1.17,12.16,4,0,GrabFood
DINNER_D2,Sunday,124.95,dine_in,1,1.65,1.29,9.37,6,0,None
DINNER_D2,Sunday,126.32,dine_in,3,1.36,2.29,15.44,2,0,None
DINNER_D2,Sunday,131.96,dine_in,1,5.64,2.45,12.59,4,0,None
DINNER_D2,Sunday,133.33,dine_in,2,1.37,1.37,10.88,2,0,None
DINNER_D2,Sunday,134.06,dine_in,3,0.74,1.76,17.18,5,0,None
DINNER_D2,Sunday,136.8,dine_in,4,2.73,1.54,11.06,6,0,None
DINNER_D2,Sunday,137.54,dine_in,2,0.74,1.4,12.61,3,0,None
DINNER_D2,Sunday,138.65,dine_in,1,1.11,1.98,25.49,4,0,None
DINNER_D2,Sunday,139.86,delivery_courier,3,1.21,1.01,11.07,5,0,Foodpanda
DINNER_D2,Sunday,140.8,takeout,2,0.93,1.97,27.32,3,0,None
DINNER_D2,Sunday,140.92,delivery_courier,3,0.12,1.12,15.81,3,0,GrabFood
DINNER_D2,Sunday,144.35,takeout,2,3.43,0.9,12.13,6,0,None
DINNER_D2,Sunday,145.31,delivery_courier,1,0.96,1.23,8.96,3,0,Foodpanda
DINNER_D2,Sunday,146.0,delivery_courier,3,0.69,1.0,11.91,1,0,GrabFood
DINNER_D2,Sunday,146.94,dine_in,1,0.94,1.97,7.46,4,0,None
DINNER_D2,Sunday,148.09,dine_in,3,1.16,2.1,18.45,3,0,None
DINNER_D2,Sunday,149.55,dine_in,2,1.46,1.9,6.95,5,0,None
